{"cameraMode":{"drawMode":0,"name":"Shaded","section":"Shading Mode"},"sceneLighting":true,"audioPlay":false,"sceneViewState":{"showFog":true,"showMaterialUpdate":false,"showSkybox":true,"showFlares":true,"showImageEffects":true,"showParticleSystems":true},"in2DMode":false,"pivot":{"x":-3.6011147499084474,"y":0.6899315118789673,"z":1.1188796758651734},"rotation":{"x":0.0056367176584899429,"y":0.5241551995277405,"z":0.0034400911536067726,"w":-0.851622998714447},"size":4.562176704406738,"orthographic":false}